id,first_visit,which_programs/balik,which_programs/wood,which_programs/sketch,which_programs/harvesting,which_programs/corporate,which_programs/other,program_specify,reasons,gender,age,race,race_specify,social_cohesion_1,social_cohesion_2,social_cohesion_3,social_cohesion_4_rev,social_cohesion_5_rev,soc_1,soc_2,soc_3,soc_4,soc_5,soc_6,soc_7,soc_8,cns_1,cns_2,cns_3,cns_4,cns_5,cns_6,cns_7,cns_8,cns_9,cns_10,imi_1,imi_2,imi_3_rev,imi_4,imi_5,imi_6,imi_7,imi_8,self_est_1,self_est_2_rev,self_est_3,self_est_4_rev,self_eff_1,self_eff_2,self_eff_3,self_eff_4,self_eff_5,self_eff_6,self_eff_7,self_eff_8,social_cohesion_4_rev_coded,social_cohesion_5_rev_coded,cns_4_rev_coded,self_est_2_rev_coded,self_est_4_rev_coded,imi_3_rev_coded,imi_4_rev_coded,commitment,frequency_visits,balik,corporate,wood,sketch,harvesting,others,number_programs,program_percent,SoCoh,SOC,CNS,IMI,Self_Est,Self_Eff,IM,PComp,PChoice,RC1,RC2,clusters
1,2008-08-01,TRUE,FALSE,FALSE,TRUE,TRUE,TRUE,Balik kampung,To be ground up,Male,58,1,0,6,6,6,1,2,5,5,6,7,6,6,6,5,5,5,5,6,5,5,5,6,4,4,5,6,3,1,6,6,5,6,6,4,5,4,5,5,4,4,5,5,6,4,7,6,2,4,4,5,7,136,20,1,1,0,0,1,1,4,0.6666666666666666,6.2,5.75,4.6000000000000005,5.75,4.75,4.75,6,6,5,3.5722624612319107,-0.23262925644654253,2
2,2010-09-01,FALSE,FALSE,FALSE,FALSE,FALSE,TRUE,Earth day celebration and Chinese Herbs talk,Novel activity,Female,31,1,0,5,5,5,2,4,0,6,4,3,3,4,4,4,6,6,6,2,5,6,5,5,6,6,6,5,2,4,5,5,6,4,6,2,5,1,6,5,6,6,6,6,5,5,6,4,6,6,7,6,4,111.00000000000003,2,0,0,0,0,0,1,1,0.16666666666666666,5,3.5,5.7,5.125,6,5.625,5,4.5,6,1.2937617854567878,-0.22345046788288675,2
3,2011-03-01,TRUE,FALSE,FALSE,FALSE,FALSE,FALSE,0,A place to experience new things & meet friends,Female,55,1,0,6,6,5,2,6,5,5,6,6,5,5,6,6,6,6,6,2,6,6,6,0,6,6,5,5,4,2,6,6,6,5,6,5,4,4,5,5,5,5,5,5,4,5,6,2,6,3,4,4,6,105.00000000000003,20,1,0,0,0,0,0,1,0.16666666666666666,5,5.5,5.4,5.375,4.25,4.875,6,5,4.5,1.1227803035673944,0.21369686024245604,2
4,2011-06-01,TRUE,FALSE,FALSE,FALSE,FALSE,TRUE,Farmer's Market,old friends / kid activities,Female,39,1,0,7,7,7,1,1,4,4,4,4,2,5,4,4,3,4,6,3,7,4,1,5,4,3,4,4,1,1,6,4,7,4,4,4,7,1,4,5,5,5,5,6,7,5,7,7,5,4,7,7,7,104,2,1,0,0,0,0,1,2,0.3333333333333333,7,3.875,4.2,5.375,5.5,5.25,6,4,5.5,1.763323351645763,-0.3938365012029536,2
5,2011-12-01,TRUE,TRUE,FALSE,FALSE,FALSE,FALSE,0,Like GUI,Female,37,1,0,6,5,5,5,2,6,6,6,6,5,6,6,6,5,4,5,3,4,5,4,6,4,4,6,5,1,1,5,6,6,4,6,5,5,2,5,5,5,4,5,5,4,4,3,6,5,3,6,7,7,96.00000000000003,50,1,0,1,0,0,0,2,0.3333333333333333,5,5.875,4.6000000000000005,5.75,5,4.625,6,4.5,6.5,1.4674954192890617,0.7818638584037865,2
6,2013-01-01,TRUE,TRUE,FALSE,TRUE,FALSE,TRUE,"Attended as paid participant - TCM, plant talk. Supported as volunteer - farm program, earth over, touchwood program",Loving community,Female,25,1,0,7,6,7,1,2,7,7,7,7,6,5,7,7,7,7,7,1,6,7,4,6,6,7,6,7,2,1,7,7,6,7,6,2,4,1,4,4,4,4,4,4,4,4,7,6,7,6,7,6,7,83.00000000000001,25,1,0,1,0,1,1,4,0.6666666666666666,6.6000000000000005,6.625,6.4,6.625,5.75,4,6.75,7,6,2.4973137032218524,-0.1752002470768859,2
7,2013-01-01,TRUE,TRUE,FALSE,TRUE,TRUE,TRUE,"Pesta Kampung, a wedding",Felt at peace and act locally to combat the global change to our climate,Male,33,4,0,7,6,7,1,1,6,6,7,6,5,7,7,7,7,7,6,2,7,6,5,7,7,6,7,7,1,1,7,7,7,7,6,1,4,4,5,6,5,7,6,6,6,6,7,7,6,7,4,7,7,83.00000000000001,50,1,1,1,0,1,1,5,0.8333333333333334,6.800000000000001,6.375,6.4,7,5.25,5.875,7,7,7,3.0363028038710023,0.28067990971607865,2
8,2014-05-01,TRUE,FALSE,TRUE,FALSE,FALSE,FALSE,0,"Help promote GUI, wanted to do something purposeful on a sat morning",Female,31,1,0,7,6,6,3,3,5,5,6,6,5,5,6,6,5,7,6,3,6,4,4,5,6,6,7,5,3,2,5,4,5,6,6,3,7,2,6,5,5,5,5,6,5,6,5,5,5,5,6,5,6,67,8,1,0,0,1,0,0,2,0.3333333333333333,5.800000000000001,5.5,5.4,5.375,6,5.375,5,5.5,6,1.0057927730336131,-0.29175763697832774,2
9,2014-06-01,TRUE,FALSE,FALSE,TRUE,FALSE,TRUE,"weeding, interned at GUILD, balik kampung, vegan festival",community & friendship & manual labour,Female,24,1,0,7,7,7,1,1,6,6,7,7,7,7,7,7,7,7,7,5,7,7,7,7,7,7,7,6,2,2,7,6,7,7,7,2,7,2,7,7,7,7,7,7,7,7,7,7,3,6,6,6,6,67,4,1,0,0,0,1,1,3,0.5,7,6.75,6.6000000000000005,6.5,6.5,7,6.5,6.5,6.5,1.6267704600142001,-0.5522224971748996,2
10,2014-06-01,TRUE,FALSE,FALSE,FALSE,FALSE,FALSE,0,educational authentic learning in a natural environment,Female,54,1,0,7,7,7,1,1,7,7,7,6,7,7,7,6,5,5,7,1,6,6,6,6,6,6,7,7,1,1,7,7,7,7,6,1,4,1,6,7,7,6,6,6,6,6,7,7,7,7,7,7,7,67,2,1,0,0,0,0,0,1,0.16666666666666666,7,6.75,6,7,6,6.25,7,7,7,0.41308701237421125,-0.27830829988159606,1
11,2014-09-01,TRUE,TRUE,FALSE,TRUE,TRUE,FALSE,0,i love nature and want to help,Female,34,1,0,7,7,7,1,1,5,5,5,5,2,5,7,7,6,7,7,6,7,6,6,7,7,7,7,3,5,1,7,7,7,7,7,2,7,6,6,6,6,6,7,5,7,7,7,7,2,6,2,3,7,63.00000000000002,50,1,1,1,0,1,0,4,0.6666666666666666,7,5.125,6.2,6,5.5,6.25,7,5,5,2.026327172381355,0.4174031824914829,2
12,2014-09-01,TRUE,TRUE,FALSE,TRUE,TRUE,FALSE,0,Community spirit,Female,33,1,0,7,7,7,1,1,7,7,7,7,7,7,7,7,7,7,7,2,7,7,7,7,7,7,7,7,4,2,7,7,7,7,7,3,3,2,6,6,6,6,6,7,7,7,7,7,6,5,6,4,6,63.00000000000002,100,1,1,1,0,1,0,4,0.6666666666666666,7,7,6.9,6.5,5.25,6.375,6.75,7,5.5,1.8849675407754298,1.6524807979906835,2
13,2014-10-01,TRUE,FALSE,FALSE,FALSE,FALSE,TRUE,Been part of the GUI and then WOW team to create and deliver programmes,"Work, support their philosophy",Female,33,2,0,6,6,6,1,3,6,7,7,6,4,5,6,6,7,7,7,3,5,6,5,7,7,7,6,6,4,1,6,5,5,6,5,4,5,6,5,7,6,6,6,5,5,6,7,5,5,4,2,4,7,62.000000000000014,300,1,0,0,0,0,1,2,0.3333333333333333,6,5.875,6.300000000000001,5.625,4,5.75,5.75,6,5,0.0801758456956263,6.9148617929916965,3
14,2015-06-01,TRUE,TRUE,FALSE,FALSE,FALSE,FALSE,0,I wish to contribute back to the community and I have interest in the activities,Male,27,1,0,6,5,7,3,2,6,6,6,6,4,6,6,6,3,3,5,5,4,3,4,2,4,4,7,5,1,1,6,5,5,5,5,4,4,4,5,5,5,5,4,3,3,3,5,6,3,4,4,7,7,54.00000000000002,15,1,0,1,0,0,0,2,0.3333333333333333,5.800000000000001,5.75,3.5,5.875,4.25,4.125,5.75,5,7,0.7258030598343865,-0.1350547666262401,2
15,2015-07-01,TRUE,FALSE,FALSE,TRUE,FALSE,FALSE,0,A way to connect with nature and community,Female,30,1,0,6,5,5,4,3,5,5,5,5,5,5,5,5,6,6,6,2,6,6,6,6,5,6,5,5,3,2,5,5,5,6,6,5,5,4,5,5,5,5,5,6,6,6,4,5,6,3,4,5,6,54,8,1,0,0,0,1,0,2,0.3333333333333333,5,5,5.9,5.25,4.5,5.375,5.25,5.5,5,0.7455934082592157,-0.3079656327961282,2
16,2015-11-01,TRUE,TRUE,FALSE,FALSE,TRUE,FALSE,0,The space and people.,Female,27,4,0,7,6,6,1,1,6,6,7,7,5,6,7,6,6,6,6,3,6,7,7,6,6,6,6,6,1,1,6,6,6,6,7,1,5,2,6,6,6,6,6,6,5,5,7,7,5,7,6,7,7,49.00000000000001,24,1,1,1,0,0,0,3,0.5,6.6000000000000005,6.25,6.1000000000000005,6.25,6.25,5.75,6.25,6,6.5,1.2099505638380488,-0.08063329133832765,2
17,2015-12-01,TRUE,FALSE,FALSE,FALSE,FALSE,TRUE,"Balik Kampung, brick making, weekday farming, kitchen help",Sense of purpose and community,Female,18,1,0,7,7,7,1,1,7,7,7,7,7,7,7,7,5,6,6,5,5,5,5,5,5,4,7,7,1,1,7,7,7,7,7,5,5,5,7,7,7,6,7,7,6,6,7,7,3,3,3,7,7,48.00000000000002,3,1,0,0,0,0,1,2,0.3333333333333333,7,7,4.9,7,4.5,6.625,7,7,7,0.6396373569085483,-0.4389540078004177,2
18,2015-12-01,TRUE,FALSE,FALSE,FALSE,FALSE,FALSE,0,To volunteer for something I'm interested in,Female,23,1,0,7,5,4,1,3,4,4,3,3,2,3,3,3,4,6,5,5,5,5,3,5,2,3,6,5,2,1,6,0,6,4,6,2,6,2,6,6,6,6,6,6,6,5,7,5,3,6,6,6,7,48.00000000000002,3,1,0,0,0,0,0,1,0.16666666666666666,5.6000000000000005,3.125,4.1000000000000005,5,6,5.875,4.75,4.5,6,0.029968440456435375,-0.2772953568437819,1
19,2016-01-01,TRUE,TRUE,FALSE,TRUE,FALSE,TRUE,Ground Up Troopers,It is meaningful and enriching. It teaches important values and I got to meet a lot of new people,Male,27,1,0,7,7,7,1,1,6,6,7,7,6,6,6,6,4,7,7,6,7,7,7,3,6,5,6,5,2,1,7,5,6,5,5,4,5,4,3,4,5,4,4,6,4,6,7,7,2,4,4,6,7,48,20,1,0,1,0,1,1,4,0.6666666666666666,7,6.25,5.5,5.875,4.5,4.5,6.25,5,6,1.8109129150667589,-0.3423449204439611,2
20,2016-03-01,TRUE,FALSE,FALSE,TRUE,FALSE,TRUE,GUTS Apprenticeship,"Interest in activities, eventually drawn in by the community",Female,22,1,0,7,6,7,1,2,6,6,5,4,5,5,5,4,5,7,7,5,7,7,4,5,5,5,5,5,2,2,7,7,7,5,5,6,6,4,5,6,6,5,5,6,5,6,7,6,3,2,4,6,6,45,1,1,0,0,0,1,1,3,0.5,6.6000000000000005,5,5.5,6,4.25,5.5,6.75,5,5.5,1.1949146513692677,-0.6537560701042062,2
21,2016-03-01,TRUE,FALSE,FALSE,FALSE,FALSE,FALSE,0,"Help out at the kampung e.g. giving kampung tours, host film screenings",Female,27,1,0,7,7,7,1,2,5,5,6,5,5,6,6,6,7,7,7,2,7,7,6,6,7,6,5,5,2,2,6,6,5,5,3,5,6,5,5,5,5,5,5,5,5,5,7,6,6,3,3,6,6,45,15,1,0,0,0,0,0,1,0.16666666666666666,6.800000000000001,5.5,6.6000000000000005,5.5,3.75,5,5.75,5,5.5,-0.06400387838461724,0.0153829641488415,1
22,2016-06-01,FALSE,TRUE,FALSE,TRUE,FALSE,TRUE,Farming,Farming,Female,54,1,0,6,5,6,3,3,6,6,5,5,5,5,5,6,5,5,7,4,6,5,4,5,5,5,6,5,3,3,5,5,5,4,5,2,5,2,5,5,5,5,5,5,4,4,5,5,4,6,6,5,5,42,40,0,0,1,0,1,1,3,0.5,5.4,5.375,5.1000000000000005,5,5.5,4.75,5,4.5,5.5,1.0246081314610156,0.3058641632579855,2
23,2016-07-01,FALSE,TRUE,FALSE,FALSE,TRUE,TRUE,"Woodworking, STANLEY, micron, etc",Woodworking,Male,66,1,0,6,6,6,2,2,4,6,5,4,2,4,4,4,4,4,4,4,4,4,4,4,4,4,5,6,2,4,5,5,5,6,6,2,6,2,6,6,6,6,6,5,5,6,6,6,4,6,6,6,4,41.000000000000014,50,0,1,1,0,0,1,3,0.5,6,4.125,4,5.25,6,5.75,4.75,6,5.5,0.9763208693879541,0.551632917448764,2
24,2016-10-01,TRUE,FALSE,FALSE,FALSE,FALSE,FALSE,0,connect to nature by working on it,Female,27,1,0,6,6,6,1,1,5,5,4,4,4,5,4,4,6,6,7,3,3,5,4,5,4,5,5,5,3,1,7,7,7,5,6,2,6,2,5,5,5,5,5,5,5,5,7,7,5,6,6,5,7,38.000000000000014,1,1,0,0,0,0,0,1,0.16666666666666666,6.4,4.375,5,6,6,5,7,5,5,-0.16453053179809501,-0.3391661505543657,1
25,2016-11-01,TRUE,FALSE,TRUE,TRUE,FALSE,FALSE,0,To learn new skills and meet new people,Female,31,1,0,6,6,5,2,2,6,7,7,7,6,5,6,6,5,5,5,1,5,5,4,5,5,4,6,6,1,2,6,6,6,7,6,1,4,2,4,5,5,6,5,6,6,6,6,6,7,7,6,7,6,37.00000000000003,52,1,0,0,1,1,0,3,0.5,5.800000000000001,6.25,5,6.25,5.75,5.375,6,6.5,6.5,0.8906051411162105,0.5960489464324858,2
26,2016-12-01,TRUE,FALSE,FALSE,FALSE,TRUE,TRUE,farmer’s market,"to support GUI, because of its community building aim",Female,18,1,0,7,5,5,1,3,5,5,4,4,4,5,4,4,7,7,7,1,7,7,1,5,7,7,6,6,1,1,7,6,5,4,6,1,5,4,6,7,7,7,7,7,4,6,7,5,7,7,4,7,7,36,1,1,1,0,0,0,1,3,0.5,5.800000000000001,4.375,6.2,6,5.5,6.375,6.25,5,6.5,1.014776629602377,-0.6649769902857604,2
27,2016-12-01,FALSE,TRUE,FALSE,TRUE,FALSE,TRUE,Camp Twilight,Support the movement and meaningful presence of GUI,Male,29,1,0,6,5,6,3,4,6,4,5,6,6,6,6,6,7,7,7,3,7,7,7,7,7,7,6,6,1,1,7,5,5,6,7,4,4,3,5,5,5,5,5,6,4,6,5,4,5,4,5,7,7,36,8,0,0,1,0,1,1,3,0.5,5.2,5.625,6.800000000000001,6.125,5,5.125,6,6,6.5,0.9949862811775475,-0.4920661241158724,2
28,2017-01-01,TRUE,FALSE,FALSE,TRUE,FALSE,TRUE,"Cooking, farming, rice planting, school camp, garden project","The community,nature and interests in farming",Male,36,1,0,7,7,7,1,1,5,5,5,4,4,5,5,5,3,4,6,5,4,3,4,6,4,3,5,4,2,3,5,5,5,4,3,4,4,3,4,4,4,4,4,4,4,5,7,7,3,4,5,6,5,35.000000000000014,20,1,0,0,0,1,1,3,0.5,7,4.75,4,4.875,4,4.125,5,4,5.5,0.941044633840249,-0.19689426530512574,2
29,2017-01-01,FALSE,FALSE,FALSE,FALSE,FALSE,TRUE,Farming volunteer,Back to nature,Female,40,1,0,6,6,6,2,2,6,6,6,6,6,0,6,6,6,6,5,2,6,6,6,5,5,6,6,6,1,1,6,6,6,6,6,2,6,1,6,6,6,6,6,6,6,6,6,6,6,6,7,7,7,35.000000000000014,45,0,0,0,0,0,1,1,0.16666666666666666,6,5.25,5.7,6.25,6.25,6,6.25,6,6.5,-0.3489730148669393,0.7439618443577463,4
30,2017-02-01,TRUE,FALSE,FALSE,TRUE,TRUE,FALSE,0,Wanted to experience something completely different from the environments I was familiar with,Female,19,1,0,7,6,6,2,4,6,6,7,5,3,6,7,6,7,7,7,3,7,6,7,7,7,7,5,4,2,2,7,6,7,5,5,7,6,7,6,6,6,5,5,5,4,5,6,4,5,1,1,6,6,34.00000000000003,20,1,1,0,0,1,0,3,0.5,5.800000000000001,5.75,6.7,5.75,3.25,5.25,6.5,4.5,5.5,0.9210292980883725,-0.1981410342141873,2
31,2017-03-01,FALSE,TRUE,FALSE,TRUE,FALSE,FALSE,0,Helping out when they need the manpower,Female,21,1,0,7,7,7,1,2,7,7,7,7,7,7,7,7,3,3,7,5,7,2,5,6,7,6,7,3,1,1,7,7,7,6,1,7,1,7,1,1,1,1,1,1,1,1,7,6,3,1,1,7,7,33,70,0,0,1,0,1,0,2,0.3333333333333333,6.800000000000001,7,4.9,6.375,1,1,7,4.5,7,0.14998541427845713,1.1973484633325873,4
32,2017-03-01,TRUE,TRUE,FALSE,TRUE,FALSE,TRUE,"Kampung Kiddies, children woodwork, wild camp, harvesting, children camp etc","The basic of living, most of the nature is kept unmanicured and as natural as possible, giving us the freedom of failing and getting up again without overprotecting",Female,46,1,0,7,7,7,1,1,6,6,5,5,5,5,5,6,6,7,7,2,7,7,7,7,7,7,5,5,2,1,6,6,6,5,7,1,5,1,6,7,7,7,7,6,4,7,7,7,6,7,7,6,7,33,30,1,0,1,0,1,1,4,0.6666666666666666,7,5.375,6.800000000000001,5.75,6.5,6.375,6.25,5,5.5,1.482410952467423,-0.11403093098004458,2
33,2017-04-01,FALSE,TRUE,FALSE,FALSE,FALSE,FALSE,0,Help as facilitator or participate in Touchwood workshops,Female,58,1,0,6,5,5,4,3,5,5,4,4,4,5,5,5,6,6,6,4,6,6,5,6,6,6,6,5,3,4,6,5,5,5,5,4,5,4,5,5,6,6,6,6,5,5,4,5,4,4,4,5,4,33,40,0,0,1,0,0,0,1,0.16666666666666666,5,4.625,5.7,5.125,4.5,5.5,5,5,5.5,-0.37486772321010053,0.6179605449897029,4
34,2017-05-01,FALSE,TRUE,FALSE,FALSE,FALSE,FALSE,0,Wook works,Male,70,1,0,6,5,6,4,4,5,5,5,5,5,5,5,5,4,5,6,4,5,5,5,5,5,5,6,6,4,4,6,5,5,5,6,4,5,4,5,5,5,5,5,5,6,5,4,4,4,4,4,4,4,31.00000000000003,200,0,0,1,0,0,0,1,0.16666666666666666,5,5,4.9,5.125,4.75,5.125,5,5.5,5,-0.8672492158528143,4.567715376769022,3
35,2017-06-01,TRUE,TRUE,TRUE,TRUE,TRUE,TRUE,Farmers market and ground zero market,"I see a meaningful impacg i can make on the community through GUI, as well as for self interest in nature",Female,19,1,0,6,5,7,1,2,6,6,6,6,6,6,6,6,6,6,6,2,6,6,4,5,6,6,5,5,3,1,7,7,7,7,6,5,6,3,5,5,6,6,6,6,4,6,7,6,6,3,5,5,7,30,50,1,1,1,1,1,1,6,1,6.2,6,5.7,6.25,5,5.5,7,6,5,2.5851589254736487,0.0529425065791794,2
36,2017-06-01,FALSE,TRUE,FALSE,FALSE,FALSE,FALSE,0,teaching and socialising,Male,67,1,0,5,4,4,4,5,4,4,4,4,4,4,4,4,4,4,5,4,4,4,4,5,4,4,4,5,4,4,4,4,4,4,5,4,5,4,5,5,5,5,5,5,5,5,4,3,4,4,4,4,4,30.999999999999986,50,0,0,1,0,0,0,1,0.16666666666666666,4,4,4.2,4.125,4.5,5,4,4.5,4,-0.44317032103503934,0.8624825302714197,4
37,2017-10-01,FALSE,TRUE,FALSE,FALSE,FALSE,FALSE,0,Provide assistance in the area of farming.,Male,66,1,0,6,5,7,1,2,6,7,7,7,5,5,7,6,4,6,7,3,4,7,4,6,4,4,7,5,1,2,6,6,7,5,4,2,7,1,4,5,5,5,6,6,5,4,7,6,5,6,7,7,6,26.000000000000014,120,0,0,1,0,0,0,1,0.16666666666666666,6.2,6.25,5.1000000000000005,6.125,6,5,6.25,5,7,-0.7411504840427177,2.5853573474249925,4
38,2017-10-01,FALSE,FALSE,FALSE,FALSE,FALSE,TRUE,Friend’s daughter birday,Friend organize,Female,47,1,0,6,6,6,4,4,4,4,4,4,4,4,4,4,4,5,5,5,5,4,6,6,6,5,4,4,4,4,6,4,4,4,5,4,4,4,4,4,4,4,4,4,4,4,4,4,3,4,4,4,4,26.000000000000014,1,0,0,0,0,0,1,1,0.16666666666666666,5.2,4,4.9,4.25,4.25,4,4.5,4,4,-0.4047145608206157,-0.3541273774631046,1
39,2017-11-01,FALSE,TRUE,FALSE,TRUE,FALSE,FALSE,0,basic woodworking class,Female,42,1,0,7,5,5,2,4,4,5,4,4,1,4,2,2,6,6,6,3,7,6,6,6,6,7,5,5,2,2,7,7,6,6,7,1,7,2,7,7,7,6,7,7,6,6,6,4,5,7,6,6,6,25.00000000000003,4,0,0,1,0,1,0,2,0.3333333333333333,5.4,3.25,6.1000000000000005,6,6.75,6.625,6.5,5.5,5.5,0.1764574419832652,-0.44292814039884987,1
40,2018-01-01,TRUE,TRUE,FALSE,FALSE,FALSE,FALSE,0,Kids-friendly and in nature,Female,47,1,0,7,5,5,1,2,6,6,3,4,1,4,5,5,5,5,6,1,5,3,7,6,6,7,7,6,2,1,7,7,7,2,3,5,5,6,6,5,6,6,6,5,5,5,7,6,7,3,2,6,7,24.999999999999986,2,1,0,1,0,0,0,2,0.3333333333333333,6,4.25,5.7,6.125,3.25,5.5,7,4,6.5,0.18211182724750138,-0.492331245018818,1
41,2018-02-01,TRUE,FALSE,FALSE,FALSE,FALSE,FALSE,0,Connecting with the people there. Giving back in little ways.,Female,35,1,0,7,7,7,1,1,6,6,6,6,6,6,6,6,4,5,5,3,6,5,6,6,6,5,7,6,1,1,7,6,6,5,5,3,5,3,6,6,6,6,6,5,5,5,7,7,5,5,5,7,7,22.00000000000003,5,1,0,0,0,0,0,1,0.16666666666666666,7,6,5.300000000000001,6.375,5,5.625,6.5,5.5,7,-0.4960846743565963,-0.26030824385941476,1
42,2018-02-01,TRUE,FALSE,FALSE,FALSE,TRUE,FALSE,0,The people that I have met in GUI.,Female,21,1,0,7,7,7,1,1,7,7,7,7,4,7,7,7,7,7,7,5,4,5,6,6,5,5,5,5,3,2,7,7,7,7,5,5,4,4,4,4,5,4,4,4,4,4,7,7,3,3,4,5,6,22.00000000000003,40,1,1,0,0,0,0,2,0.3333333333333333,7,6.625,5.5,6.125,4,4.125,6.75,6,5,0.014632499971368867,0.44258743603338985,1
43,2018-03-01,FALSE,FALSE,FALSE,FALSE,FALSE,TRUE,Children 1 week farming programme,Brought my students for programme and after that some volunteering work at GUI,Female,46,1,0,7,4,4,4,4,7,7,4,4,4,4,4,4,7,7,7,1,7,7,7,7,7,7,4,7,4,4,7,7,7,7,7,7,7,7,7,7,7,7,7,7,7,7,4,4,7,1,1,4,4,21,10,0,0,0,0,0,1,1,0.16666666666666666,4.6000000000000005,4.75,7,5.875,4,7,6.25,7,4,-0.5302359732690661,-0.13804725121855632,1
44,2018-03-01,FALSE,FALSE,FALSE,TRUE,FALSE,TRUE,"Corn harvesting, farm visit and harvesting, visiting wood worshop",Wonderful place with wonderful people,Female,32,1,0,7,7,7,1,1,7,7,7,7,4,6,7,7,5,6,7,5,7,7,7,7,7,6,7,7,1,1,7,7,7,7,6,2,7,2,6,6,6,5,6,5,4,0,7,7,3,6,6,7,7,21,5,0,0,0,0,1,1,2,0.3333333333333333,7,6.5,6.2,7,6.25,4.75,7,7,7,0.09356890634363924,-0.42321366372511215,1
45,2018-03-01,FALSE,FALSE,FALSE,FALSE,FALSE,TRUE,A custom made Farming learning journey with my P3 students,Carnivals,Female,46,1,0,7,4,4,4,4,7,7,7,7,7,7,7,7,7,7,7,2,7,7,7,7,7,7,7,7,2,7,7,7,7,7,7,2,7,2,7,7,7,7,7,7,7,7,4,4,6,6,6,6,1,21.999999999999986,2,0,0,0,0,0,1,1,0.16666666666666666,4.6000000000000005,7,6.9,6.125,6.5,7,5.5,7,6.5,-0.4876030964602417,-0.3344129007893669,1
46,2018-03-01,FALSE,FALSE,FALSE,FALSE,FALSE,TRUE,A talk on soil and plant health.,"The only place like this in Singapore! The people are lovely, the environment is calming and welcoming.",Female,56,3,Human,7,5,5,4,4,7,7,4,7,4,4,7,7,7,7,7,1,7,7,7,7,7,7,7,7,1,1,7,7,7,7,7,1,7,1,7,7,7,7,7,7,7,7,4,4,7,7,7,7,7,21.999999999999986,10,0,0,0,0,0,1,1,0.16666666666666666,5,5.875,7,7,7,7,7,7,7,-0.5102206375171897,-0.13680048230949476,1
47,2018-06-01,TRUE,TRUE,FALSE,FALSE,FALSE,FALSE,0,The values promoted,Female,53,1,0,7,7,5,2,2,6,6,5,5,4,5,5,6,6,5,6,3,5,5,5,5,5,5,4,5,3,1,6,4,6,5,5,1,5,1,5,6,7,6,6,6,5,6,6,6,5,7,7,5,7,18.999999999999986,1,1,0,1,0,0,0,2,0.3333333333333333,6.2,5.25,5.2,5.25,6,5.875,5.75,5,4.5,0.06484700536835952,-0.5245134107831715,1
48,2018-07-01,FALSE,FALSE,FALSE,TRUE,FALSE,TRUE,Rice planting and Farmers Market,Preserve sense of humanity and linkage to food and the soil,Male,35,1,0,7,7,7,4,2,6,5,4,4,4,4,7,5,6,7,6,2,4,7,7,6,7,6,6,5,2,2,6,7,6,5,6,3,6,5,6,6,5,6,6,4,3,6,4,6,6,5,3,6,6,17.000000000000014,10,0,0,0,0,1,1,2,0.3333333333333333,6.2,4.875,6.2,5.875,5,5.25,6.25,5,6,-6.28399824459891e-4,-0.3046929778114384,1
49,2018-08-01,FALSE,TRUE,FALSE,TRUE,FALSE,FALSE,0,To connect with nature and myself,Female,24,1,0,7,6,6,2,2,6,6,6,6,5,5,6,6,7,7,7,4,7,7,7,7,7,7,5,6,1,1,7,7,7,6,4,7,5,7,6,6,6,6,6,6,3,5,6,6,4,1,1,7,7,16.00000000000003,1,0,0,1,0,1,0,2,0.3333333333333333,6.2,5.75,6.7,6.5,2.75,5.5,7,6,6,0.004800998112730215,-0.5282537175103561,1
50,2018-09-01,FALSE,FALSE,FALSE,FALSE,FALSE,TRUE,Harvest,Support,Female,55,1,0,0,7,6,1,2,5,6,7,7,5,4,7,6,5,6,5,2,6,5,4,6,6,5,4,6,3,2,6,5,6,6,6,4,5,2,4,4,5,6,5,6,5,5,7,6,6,4,6,5,6,15,100,0,0,0,0,0,1,1,0.16666666666666666,5.2,5.875,5.4,5.5,5.25,5,5.75,6,4.5,-0.9047753246709919,2.0776118432256356,4
51,2018-09-01,FALSE,FALSE,FALSE,FALSE,FALSE,TRUE,Ground Zero Market & Harvesting activities,Activities with nature & experiencing nature,Female,43,1,0,7,4,6,4,6,6,6,5,4,4,4,4,5,6,7,7,1,7,7,7,6,7,7,6,6,1,1,6,6,6,4,6,4,7,2,6,7,7,7,7,7,6,6,4,2,7,4,6,7,7,15,1,0,0,0,0,0,1,1,0.16666666666666666,4.6000000000000005,4.75,6.800000000000001,6,5.75,6.625,6.25,5,6.5,-0.6248832540912599,-0.36784183546278193,1
52,2018-09-01,FALSE,FALSE,FALSE,TRUE,FALSE,TRUE,Farmer’s market - ground zero,To experience open nature,Male,43,1,0,6,6,6,1,2,6,7,6,6,4,5,5,6,6,4,6,1,6,6,6,7,7,6,6,6,1,1,7,7,7,4,7,1,7,1,6,7,7,7,7,7,7,6,7,6,7,7,7,7,7,15,1,0,0,0,0,1,1,2,0.3333333333333333,6.2,5.625,6.1000000000000005,6.375,7,6.75,7,5,6.5,-0.015214337639147063,-0.5295004864194177,1
53,2018-10-01,FALSE,FALSE,FALSE,FALSE,FALSE,TRUE,Tcm talk,Contribute back to society,Male,31,1,0,7,7,7,1,2,5,7,6,6,4,6,6,6,5,6,6,1,6,7,6,6,6,6,7,6,1,2,6,7,7,6,7,1,6,1,6,6,7,7,7,7,7,7,7,6,7,7,7,7,6,14.000000000000014,8,0,0,0,0,0,1,1,0.16666666666666666,6.800000000000001,5.75,6.1000000000000005,6.5,6.75,6.75,6.5,6,7,-0.6646889382679659,-0.1961777382019554,1
54,2018-10-01,TRUE,TRUE,FALSE,FALSE,FALSE,TRUE,"Pizza making, faciltator stool making workshop",Interests and balik kampong,Female,53,1,0,7,7,6,2,2,7,7,7,6,4,6,5,5,5,5,0,2,4,5,4,5,5,5,7,6,2,1,7,6,7,5,6,2,4,1,5,5,5,5,5,5,0,5,6,6,6,6,7,6,7,15,12,1,0,1,0,0,1,3,0.5,6.4,5.875,4.4,6.375,5.75,4.375,6.75,5.5,6.5,0.5633554598596622,-0.41944206196622935,2
55,2018-11-01,TRUE,FALSE,FALSE,FALSE,FALSE,TRUE,"GUIFM 2019, PESTA 2019",Meetings and Balik Kampung,Others,27,1,0,6,6,6,3,3,4,4,5,5,5,5,5,5,3,3,7,3,3,5,5,0,5,3,7,5,1,1,7,7,5,5,6,1,7,1,6,7,7,7,7,7,6,7,5,5,5,7,7,7,7,13.000000000000028,15,1,0,0,0,0,1,2,0.3333333333333333,5.6000000000000005,4.75,3.9000000000000004,6.25,6.75,6.75,6.5,5,7,-0.09482570599255902,-0.18617229189776463,1
56,2018-11-01,TRUE,TRUE,FALSE,FALSE,FALSE,TRUE,"Earth oven, Pesta Kampung, Woodyspace faciltator course",Volunteer,Female,52,1,0,6,6,0,2,2,5,5,5,5,4,0,0,5,4,4,4,2,4,4,4,4,4,4,5,5,2,2,6,5,5,5,4,4,4,2,4,4,5,5,4,4,4,4,6,6,6,4,6,6,6,13.000000000000028,12,1,0,1,0,0,1,3,0.5,4.800000000000001,3.625,4.2,5.375,4.5,4.25,5.5,5,5.5,0.5233247883559093,-0.42193559978435247,2
57,2018-11-01,FALSE,FALSE,FALSE,FALSE,FALSE,TRUE,Pesta Kampung,Volunteer with Forest School Singapore,Female,30,3,Javanese,7,6,7,1,3,7,7,7,6,3,5,6,4,7,7,7,1,5,7,7,7,7,7,7,5,2,1,7,7,7,4,7,3,7,3,6,6,6,7,7,7,5,6,7,5,7,5,5,6,7,14.000000000000014,1,0,0,0,0,0,1,1,0.16666666666666666,6.4,5.625,6.800000000000001,6.25,6,6.25,7,4.5,6.5,-0.6448985898431364,-0.3690886043718435,1
58,2018-11-01,FALSE,FALSE,FALSE,FALSE,FALSE,TRUE,Pesta Kampung,Interesting engaging activities and events,Female,52,1,0,6,6,5,2,4,5,5,5,5,4,5,5,5,5,4,5,2,4,5,4,4,4,4,5,5,2,2,5,5,5,4,5,2,5,2,5,5,5,5,5,5,4,5,6,4,6,6,6,6,6,14.000000000000014,13,0,0,0,0,0,1,1,0.16666666666666666,5.4,4.875,4.5,5.125,5.5,4.875,5.25,4.5,5.5,-0.6788249014285584,-0.07266997665203531,1
59,2019-01-01,FALSE,FALSE,FALSE,FALSE,TRUE,TRUE,Pizza making,Corporate event. Volunteer activities,Female,52,1,0,6,7,7,1,2,6,7,7,6,4,6,7,7,6,7,7,7,3,4,5,5,5,5,6,7,1,2,7,6,7,7,7,5,6,3,4,6,6,6,5,6,5,5,7,6,1,3,5,7,6,11.000000000000014,12,0,1,0,0,0,1,2,0.3333333333333333,6.6000000000000005,6.25,4.800000000000001,6.625,5.25,5.375,6.5,7,6.5,-0.12637479959995723,-0.26277048664583985,1
60,2019-01-01,FALSE,TRUE,FALSE,FALSE,FALSE,FALSE,0,"Volunteering, make a difference to spread environmental awareness",Male,31,1,0,7,6,7,1,2,6,6,6,6,5,5,6,6,7,7,6,2,7,6,7,7,7,7,6,7,1,1,7,7,7,6,6,4,6,2,6,6,6,6,7,6,6,7,7,6,6,4,6,7,7,11.000000000000014,10,0,0,1,0,0,0,1,0.16666666666666666,6.6000000000000005,5.75,6.7,6.75,5.5,6.25,7,6.5,6.5,-0.7303893307878331,-0.15051494030917206,1
61,2019-01-01,FALSE,TRUE,FALSE,FALSE,FALSE,FALSE,0,I like wood & farming,Female,52,1,0,6,6,6,4,2,6,6,5,4,3,4,4,3,4,4,5,2,6,7,6,6,4,6,5,6,2,2,6,6,6,6,5,4,4,5,5,6,6,6,6,6,5,5,4,6,6,4,3,6,6,12,10,0,0,1,0,0,0,1,0.16666666666666666,5.6000000000000005,4.375,5.4,5.875,4,5.625,6,6,5.5,-0.7103739950359567,-0.1492681714001105,1
62,2019-03-01,TRUE,FALSE,FALSE,FALSE,FALSE,TRUE,Pesta Kampung,volunteer,Female,44,1,0,7,7,7,1,1,5,5,5,4,4,4,5,4,3,5,7,5,7,3,4,7,7,5,6,6,1,2,6,4,5,5,6,1,6,1,5,6,6,7,7,7,6,6,7,7,3,7,7,7,6,9,5,1,0,0,0,0,1,2,0.3333333333333333,7,4.5,5.1000000000000005,5.625,6.5,6.25,5.25,5.5,6.5,-0.1466151226788815,-0.43817489063385107,1
63,2019-03-01,FALSE,FALSE,FALSE,FALSE,FALSE,TRUE,1st Farmer Market,Participate in interactive activities,Male,34,1,0,5,6,6,2,2,5,5,4,4,4,5,5,5,5,6,7,4,5,6,5,4,5,5,6,6,2,3,6,3,5,5,5,5,5,5,3,3,5,4,4,5,4,4,6,6,4,3,3,6,5,9,4,0,0,0,0,0,1,1,0.16666666666666666,5.800000000000001,4.625,5.2,5.25,4,4,4.75,5.5,6,-0.7534568464988758,-0.30121779198719933,1
64,2019-03-01,FALSE,FALSE,FALSE,FALSE,FALSE,TRUE,Farmers' Market,To support a friend who used to be a regular volunteer with GUI and to support a meaningful cause,Female,32,1,0,6,6,5,3,3,4,3,3,3,2,4,4,4,4,5,5,3,5,5,5,5,4,5,5,5,3,3,5,5,5,4,5,5,4,3,4,4,5,4,4,5,4,5,5,5,5,3,5,5,5,9,1,0,0,0,0,0,1,1,0.16666666666666666,5.4,3.375,4.800000000000001,4.875,4.25,4.375,5,4.5,5,-0.7449752686025204,-0.3753224489171514,1
65,2019-03-01,FALSE,FALSE,FALSE,FALSE,FALSE,TRUE,Farmers Market,Mother invited as a volunteer,Female,21,1,0,5,5,6,3,3,4,3,3,3,2,4,4,5,3,3,5,4,5,3,3,3,3,3,5,5,3,3,5,5,5,5,5,3,4,3,5,5,5,5,6,6,6,5,5,5,4,5,5,5,5,9,1,0,0,0,0,0,1,1,0.16666666666666666,5.2,3.5,3.5,5,4.75,5.375,5,5,5,-0.7449752686025204,-0.3753224489171514,1
66,2019-03-01,TRUE,FALSE,FALSE,FALSE,FALSE,TRUE,Pesta,Volunteering,Female,45,1,0,7,7,7,1,1,7,7,7,7,7,7,7,7,6,5,7,1,7,5,7,7,7,7,7,7,1,1,7,4,7,7,7,1,7,1,7,7,7,0,7,7,7,7,7,7,7,7,7,7,7,9,10,1,0,0,0,0,1,2,0.3333333333333333,7,7,6.5,6.625,7,6.125,6.25,7,7,-0.160751085839474,-0.314667129083931,1
67,2019-03-01,TRUE,FALSE,FALSE,FALSE,FALSE,TRUE,Farmer's market 2019,Voluntary work,Female,24,1,0,7,6,6,2,5,4,4,6,6,5,6,6,6,4,4,7,7,7,6,3,6,6,5,7,6,1,1,5,6,5,4,4,4,4,4,4,4,4,4,4,4,4,4,6,3,1,4,4,7,7,9.999999999999986,30,1,0,0,0,0,1,2,0.3333333333333333,5.6000000000000005,5.375,4.9,5.875,4,4,5.75,5,7,-0.19727960272996764,0.18061068602481076,1
68,2019-04-01,FALSE,FALSE,FALSE,TRUE,FALSE,FALSE,0,To learn about plants and do something meaningful.,Male,52,1,0,7,7,6,2,2,7,7,7,7,6,6,7,7,7,7,6,3,6,6,7,5,6,6,6,6,2,1,5,7,7,6,5,5,5,5,6,5,6,6,6,7,7,6,6,6,5,3,3,6,7,8.000000000000014,20,0,0,0,0,1,0,1,0.16666666666666666,6.4,6.75,6.1000000000000005,6.25,4,6.125,6.5,6,6,-0.8187072643646482,0.0927602760634833,1
69,2019-04-01,TRUE,FALSE,FALSE,FALSE,FALSE,TRUE,Making and selling of mini plant pots,Exposure to educational programmes in sustainability,Male,48,1,0,0,6,6,2,2,6,5,4,4,2,5,5,5,0,6,6,6,6,6,6,6,6,6,5,5,3,3,6,5,6,6,6,3,6,2,5,5,5,5,5,5,5,5,6,6,2,5,6,5,5,9,4,1,0,0,0,0,1,2,0.3333333333333333,4.800000000000001,4.5,5,5.375,5.75,5,5.5,5.5,5,-0.143787930046763,-0.4628764429438351,1
70,2019-04-01,FALSE,FALSE,FALSE,FALSE,FALSE,TRUE,GUI Kampung Tour,Students and personal interest,Male,60,1,0,0,5,6,2,3,5,6,5,5,5,5,5,5,4,5,6,2,7,6,6,6,7,6,6,3,3,3,5,6,6,5,6,3,5,2,3,5,6,6,6,6,6,6,6,5,6,5,6,5,5,9,5,0,0,0,0,0,1,1,0.16666666666666666,4.4,5.125,5.9,5.125,5.5,5.5,5.5,4,5.5,-0.7562840391309944,-0.2765162396772153,1
71,2019-05-01,FALSE,FALSE,FALSE,FALSE,TRUE,FALSE,0,Corporate event (STB),Male,40,1,0,6,6,6,2,2,5,5,4,4,4,5,5,4,6,7,7,1,7,6,7,5,7,7,4,4,1,4,5,4,5,4,5,4,5,4,6,6,6,7,6,6,4,6,6,6,7,4,4,7,4,7.000000000000028,1,0,1,0,0,0,0,1,0.16666666666666666,6,4.5,6.6000000000000005,4.625,4.5,5.875,4.5,4,5.5,-0.7850059401062732,-0.3778159867352745,1
72,2019-06-01,TRUE,FALSE,FALSE,TRUE,FALSE,FALSE,0,I was invited by a friend to try the experience,Female,18,1,0,7,6,7,1,1,5,4,4,4,1,7,4,4,6,5,6,5,3,6,3,5,2,3,6,6,1,1,7,3,7,4,4,5,6,5,5,6,6,6,6,5,5,5,7,7,3,3,3,7,7,6,1,1,0,0,0,1,0,2,0.3333333333333333,6.800000000000001,4.125,4.2,5.875,4,5.5,6,5,6.5,-0.1953523594060376,-0.5407214066009719,1
73,2019-06-01,TRUE,FALSE,FALSE,TRUE,FALSE,FALSE,0,To try our different things,Female,18,1,0,6,7,6,1,1,4,4,4,4,5,7,4,4,4,5,6,5,6,5,6,7,7,6,4,5,1,4,5,4,5,4,5,3,4,2,6,6,6,6,6,6,5,5,7,7,3,5,6,7,4,6,1,1,0,0,0,1,0,2,0.3333333333333333,6.6000000000000005,4.5,5.5,4.75,5,5.75,4.5,4.5,5.5,-0.1953523594060376,-0.5407214066009719,1
74,2019-06-01,FALSE,TRUE,FALSE,FALSE,FALSE,FALSE,0,Suitable for my child,Female,36,1,0,7,0,4,2,2,6,4,3,2,1,4,2,1,6,6,5,2,5,6,4,4,4,4,4,4,4,1,7,5,5,1,3,4,5,5,5,5,5,5,5,5,5,5,6,6,6,4,3,4,7,6,1,0,0,1,0,0,0,1,0.16666666666666666,4.6000000000000005,2.875,5,4.625,3.75,5,6,2.5,4,-0.8050212758581505,-0.3790627556443361,1
75,2019-07-01,TRUE,FALSE,FALSE,FALSE,FALSE,TRUE,pizza making event,enjoy kampung style,Male,35,1,0,7,7,7,5,1,6,7,7,7,4,6,7,6,6,6,7,7,7,7,7,7,6,6,6,6,3,2,7,7,7,6,4,5,5,4,4,3,5,4,4,5,5,3,3,7,1,3,4,5,6,5.000000000000014,2,1,0,0,0,0,1,2,0.3333333333333333,6.2,6.25,6,6.25,4,4.125,6.75,6,5.5,-0.21819488779003252,-0.5172666232000495,1
76,2019-07-01,FALSE,TRUE,FALSE,FALSE,FALSE,FALSE,0,Interest,Female,72,1,0,6,6,6,2,2,5,4,3,3,5,5,4,4,6,6,6,2,6,6,6,5,5,6,4,6,2,2,6,4,6,0,6,2,6,2,5,4,4,5,5,5,5,5,6,6,6,6,6,6,6,5.000000000000014,1,0,0,1,0,0,0,1,0.16666666666666666,6,4.125,5.800000000000001,4.75,6,4.75,5.5,3,5,-0.825036611610027,-0.38030952455339767,1
77,2019-07-01,TRUE,FALSE,FALSE,FALSE,FALSE,FALSE,0,0,Female,19,1,0,7,6,6,2,2,6,6,6,4,4,6,6,5,6,6,6,2,6,6,6,6,6,6,6,6,4,2,6,6,6,6,6,5,6,6,5,4,5,6,6,6,5,6,6,6,6,3,2,4,6,5.000000000000014,1,1,0,0,0,0,0,1,0.16666666666666666,6.2,5.375,6,5.75,4.25,5.375,6,6,5,-0.825036611610027,-0.38030952455339767,1
78,2019-07-01,FALSE,FALSE,FALSE,TRUE,FALSE,FALSE,0,Refreshing Time with Nature,Female,42,1,0,6,7,6,2,2,7,7,4,4,2,5,4,4,7,4,5,5,3,4,4,3,4,4,6,6,0,1,6,6,6,5,6,2,6,1,6,6,6,6,6,6,6,6,6,6,3,6,7,0,7,5.000000000000014,3,0,0,0,0,1,0,1,0.16666666666666666,6.2,4.625,4.1000000000000005,5.25,6.25,6,6.25,5.5,3,-0.830690996874264,-0.3309064199334296,1
79,2019-07-01,FALSE,TRUE,FALSE,FALSE,FALSE,FALSE,0,Reconnect with nature and support GUI,Female,36,1,0,5,5,5,3,3,5,5,5,4,3,4,4,4,6,6,6,6,6,4,4,4,6,6,5,4,3,3,5,5,5,4,6,4,5,4,6,6,6,6,6,6,4,4,5,5,2,4,4,5,5,5.000000000000014,24,0,0,1,0,0,0,1,0.16666666666666666,5,4.25,5,4.75,4.75,5.5,5,4,5,-0.8900620421487525,0.18782617857623463,1
80,2019-07-01,FALSE,FALSE,FALSE,TRUE,FALSE,FALSE,0,Sense of belonging. Compassion shown by people. Nature therapy,Female,35,1,0,7,7,7,1,1,7,7,7,7,6,7,7,7,6,7,7,2,6,5,5,5,6,6,7,7,1,1,7,6,7,7,5,5,4,5,5,6,6,6,6,6,3,6,7,7,6,3,3,7,7,6,20,0,0,0,0,1,0,1,0.16666666666666666,7,6.875,5.9,6.875,3.75,5.5,6.75,7,7,-0.858737935868402,0.09026673824536015,1
81,2019-08-01,FALSE,TRUE,FALSE,FALSE,FALSE,TRUE,Collection and transporting of wood from client to the kampung. Dimantle pallets. Shaving wood with sand paper. Driling wood using machine.,To volunteer.,Male,31,4,0,6,6,6,2,2,6,6,4,4,4,4,4,4,5,7,5,1,7,7,5,6,7,7,5,6,4,2,6,4,6,5,6,4,4,4,5,4,4,5,5,5,1,4,6,6,7,4,4,4,6,4.000000000000028,3,0,0,1,0,0,1,2,0.3333333333333333,6,4.5,6.300000000000001,5.25,4.5,4.125,5.5,5.5,4.5,-0.24103741617402746,-0.49381183979912696,1
82,2019-09-01,TRUE,FALSE,FALSE,FALSE,FALSE,TRUE,Pizza Workshop,Skill aquisition and Teamwork,Male,28,1,0,5,5,5,3,5,5,5,5,5,4,5,5,6,5,4,5,3,5,3,3,5,3,3,5,6,3,3,6,5,5,6,5,5,5,3,5,5,5,6,5,5,5,6,5,3,5,3,5,5,5,3,40,1,0,0,0,0,1,2,0.3333333333333333,4.6000000000000005,5,4.1000000000000005,5.375,4.5,5.25,5.25,6,5,-0.3656588793142895,0.41889882676121987,1
83,2019-10-01,FALSE,FALSE,FALSE,FALSE,FALSE,TRUE,Landscape & Farm Maintenance,"I like to spend time in nature, be connected with soil, earth. Learn the ways of farming.",Male,32,2,0,7,7,7,1,1,5,5,6,5,4,7,5,4,6,7,6,3,5,6,7,6,6,6,4,6,4,1,6,7,6,4,4,7,7,7,3,4,4,6,5,4,4,7,7,7,5,1,1,4,7,2.000000000000014,100,0,0,0,0,0,1,1,0.16666666666666666,7,5.125,6,5.5,3.25,4.625,6.5,5,4,-1.164974689445389,2.061403847407835,4
84,2019-10-01,FALSE,TRUE,FALSE,FALSE,FALSE,FALSE,0,To support the GUI Initiative and to learn new things in a different environment,Male,39,1,0,6,6,6,2,2,4,4,4,4,2,4,5,2,6,6,6,2,4,4,4,5,5,4,6,5,2,2,6,4,5,6,5,5,4,3,5,4,5,5,5,4,4,4,6,6,6,3,5,6,6,2.000000000000014,6,0,0,1,0,0,0,1,0.16666666666666666,6,3.625,5,5.5,4.25,4.5,5.25,5.5,6,-0.8992185820262496,-0.26054206973066235,1
85,2019-10-01,FALSE,FALSE,FALSE,FALSE,FALSE,TRUE,Volunteer,To get to know GUI,Female,45,1,0,6,6,6,1,1,5,5,4,4,4,5,5,5,6,6,6,1,6,6,6,6,6,6,6,6,1,2,6,5,6,4,6,1,5,1,6,6,6,6,6,6,5,5,7,7,7,7,7,7,6,2.000000000000014,1,0,0,0,0,0,1,1,0.16666666666666666,6.4,4.625,6.1000000000000005,5.75,6.25,5.75,5.75,5,6.5,-0.8850826188656571,-0.3840498312805824,1
86,2019-10-01,FALSE,FALSE,FALSE,TRUE,FALSE,FALSE,0,Wanted to experience volunteering,Female,33,1,0,6,6,6,2,1,6,6,6,6,4,5,6,4,7,7,7,1,7,6,6,7,6,6,6,6,2,1,7,7,7,6,6,5,6,5,5,6,5,6,6,6,6,5,6,7,7,3,3,6,7,2.000000000000014,1,0,0,0,0,1,0,1,0.16666666666666666,6.2,5.375,6.6000000000000005,6.5,4.5,5.625,7,6,6,-0.8850826188656571,-0.3840498312805824,1
87,2019-10-01,FALSE,FALSE,FALSE,TRUE,FALSE,TRUE,"Volunteer - Landscape, Farm Maintenance & Housekeeping at Kampung Kampus","I believe in GUI's mission and vision, and I can see that they have made much progress; I wish to contribute to GUI's continued success.",Female,52,1,0,7,7,7,1,1,7,7,7,7,4,6,7,6,7,7,7,1,7,7,7,7,7,7,6,6,1,1,7,7,7,7,4,4,6,4,4,5,5,5,5,6,6,6,7,7,7,4,4,7,7,2.000000000000014,5,0,0,0,0,1,1,2,0.3333333333333333,7,6.375,7,6.75,4.5,5.25,7,6.5,6.5,-0.28672247294201825,-0.4469022729972821,1
88,2019-10-01,FALSE,FALSE,FALSE,FALSE,FALSE,TRUE,Volunteer,Love of gardening,Female,38,1,0,5,4,5,3,1,5,5,4,5,4,5,5,4,7,7,7,1,7,7,7,7,7,7,5,5,4,2,6,6,6,6,7,2,6,2,5,6,6,6,6,5,5,0,5,7,7,6,6,4,6,2.000000000000014,1,0,0,0,0,0,1,1,0.16666666666666666,5.2,4.625,7,5.5,6.25,4.875,6,5.5,4.5,-0.8850826188656571,-0.3840498312805824,1
89,2019-11-01,TRUE,FALSE,FALSE,FALSE,FALSE,FALSE,0,I wanted to experience soil farming in Singapore and was curious as to whether I’d would make me feel better and more calm,Female,22,1,0,7,6,6,1,1,6,6,5,5,4,6,6,5,5,6,7,5,6,5,7,6,6,6,6,6,3,2,7,6,6,5,6,5,6,3,6,6,6,6,5,5,5,6,7,7,3,3,5,5,6,1.0000000000000284,2,1,0,0,0,0,0,1,0.16666666666666666,6.6000000000000005,5.375,5.7,5.875,5,5.625,6.25,5.5,5.5,-0.907925147249652,-0.36059504787965996,1
90,2019-11-01,TRUE,FALSE,FALSE,FALSE,FALSE,FALSE,0,Home activities and to clock hours for PR application,Male,39,3,Thai,6,6,6,4,4,6,6,6,6,6,6,6,6,4,4,4,4,4,4,4,4,4,4,6,6,6,6,6,6,6,6,6,3,6,1,6,6,6,6,6,6,5,6,4,4,4,5,7,2,2,1.0000000000000284,1,1,0,0,0,0,0,1,0.16666666666666666,5.2,6,4,5,6,5.875,5,6,4,-0.9050979546175335,-0.38529660018964396,1
91,2019-11-01,TRUE,FALSE,FALSE,FALSE,FALSE,FALSE,0,Curiosity,Female,30,1,0,4,4,4,3,3,6,4,3,1,1,4,1,4,4,4,5,2,7,4,4,4,5,5,5,4,2,2,5,4,5,4,6,2,6,2,6,5,6,6,6,6,4,5,5,5,6,6,6,6,6,1.0000000000000284,1,1,0,0,0,0,0,1,0.16666666666666666,4.4,3,4.800000000000001,4.875,6,5.5,5,4,5.5,-0.9050979546175335,-0.38529660018964396,1
92,2019-11-01,FALSE,FALSE,FALSE,FALSE,FALSE,TRUE,Pizza Making,contribute to the society,Female,24,1,0,6,7,6,2,2,4,5,4,0,4,5,5,5,7,7,6,1,6,5,6,6,4,6,5,5,1,1,7,6,6,6,6,5,4,5,6,5,5,5,6,5,4,6,6,6,7,3,3,7,7,1.0000000000000284,2,0,0,0,0,0,1,1,0.16666666666666666,6.2,4,6,6.125,4,5.25,6.5,5.5,6,-0.907925147249652,-0.36059504787965996,1
93,2019-11-01,FALSE,FALSE,FALSE,FALSE,FALSE,TRUE,festa kampung? the one in early nov19,accompany others,Male,36,1,0,5,4,5,4,4,4,4,4,4,4,4,4,4,5,6,6,5,6,5,5,5,5,5,4,4,4,4,4,4,4,4,4,5,5,5,3,4,4,5,4,4,4,4,4,4,3,3,3,4,4,2.000000000000014,1,0,0,0,0,0,1,1,0.16666666666666666,4.4,4,5.1000000000000005,4,3.75,4,4,4,4,-0.8850826188656571,-0.3840498312805824,1
94,2019-11-01,FALSE,FALSE,FALSE,TRUE,TRUE,FALSE,0,to learn and to support GUI,Female,47,3,Australian,7,7,7,1,1,7,7,7,7,4,4,5,6,7,7,7,1,7,7,7,7,7,7,6,7,1,1,7,7,7,7,7,1,7,1,7,7,7,7,7,7,7,7,7,7,7,7,7,7,7,2.000000000000014,1,0,1,0,0,1,0,2,0.3333333333333333,7,5.875,7,6.875,7,7,7,7,6.5,-0.27541370241354424,-0.5457084822372181,1
95,2019-11-01,FALSE,FALSE,FALSE,TRUE,FALSE,FALSE,0,Happiness,Female,50,3,0,5,5,5,5,5,5,5,5,5,2,3,5,2,5,5,5,5,6,5,5,5,5,5,4,5,5,5,5,5,6,5,5,5,5,5,5,5,5,5,5,5,5,5,3,3,3,3,3,3,3,2.000000000000014,1,0,0,0,0,1,0,1,0.16666666666666666,4.2,4,4.9,4.5,4,5,4.75,5,3.5,-0.8850826188656571,-0.3840498312805824,1
96,2019-11-01,FALSE,FALSE,FALSE,FALSE,FALSE,TRUE,Pesta Kampung,Support friends,Female,40,1,0,7,0,5,2,4,4,5,5,4,4,5,5,5,7,7,7,2,4,6,6,5,5,5,5,4,4,4,4,4,4,4,5,5,6,3,6,6,6,6,6,6,5,5,6,4,6,3,5,4,4,4.000000000000028,1,0,0,0,0,0,1,1,0.16666666666666666,4.4,4.625,5.800000000000001,4.125,4.75,5.75,4,4,4.5,-0.8450519473619034,-0.38155629346245923,1
97,2019-11-01,FALSE,FALSE,FALSE,FALSE,FALSE,TRUE,Pesta Kampung,Recommended by friend,Male,28,1,0,6,6,6,2,2,6,6,5,5,4,5,5,5,5,5,6,3,5,5,5,6,5,5,5,5,3,2,6,6,6,3,5,5,4,5,4,4,4,4,4,4,4,3,6,6,5,3,3,5,6,4.000000000000028,1,0,0,0,0,0,1,1,0.16666666666666666,6,5.125,5.2,5.25,3.75,3.875,6,4,5,-0.8450519473619034,-0.38155629346245923,1
98,2019-12-01,TRUE,FALSE,FALSE,FALSE,FALSE,FALSE,0,Wanted to give back to nature and learn more about farming,Female,30,0,0,6,6,7,1,2,6,5,5,4,5,6,5,5,6,6,7,1,5,6,6,5,6,6,6,5,2,2,6,6,6,6,6,2,6,2,6,6,6,6,5,5,5,6,7,6,7,6,6,6,6,1,4,1,0,0,0,0,0,1,0.16666666666666666,6.4,5.125,6,5.875,6,5.625,6,5.5,6,-0.9135795325138896,-0.3111919432596919,1
99,2019-12-01,FALSE,FALSE,FALSE,TRUE,FALSE,FALSE,0,Exposure + Environment related,Female,19,3,Filipino,7,6,7,2,1,6,4,5,4,2,6,5,5,5,6,6,2,4,5,5,5,4,4,4,6,1,2,6,5,5,4,5,5,4,2,4,5,5,6,6,6,4,5,6,7,6,3,6,7,6,0.9999999999999858,1,0,0,0,0,1,0,1,0.16666666666666666,6.6000000000000005,4.625,5,5.375,4.5,5.125,5.5,5,5.5,-0.9050979546175344,-0.385296600189644,1
100,2020-03-01,TRUE,FALSE,FALSE,FALSE,FALSE,FALSE,0,To reconnect with nature,Male,33,1,0,6,6,5,3,2,5,5,5,5,4,5,5,5,6,6,6,6,6,5,5,6,5,5,5,5,3,2,6,6,6,5,5,4,5,4,5,4,4,4,4,4,4,4,5,6,2,4,4,5,6,1,1,1,0,0,0,0,0,1,0.16666666666666666,5.6000000000000005,4.875,5.2,5.5,4.5,4.125,6,5,5,-0.9050979546175341,-0.38529660018964396,1
101,2019-08-01,FALSE,FALSE,FALSE,FALSE,TRUE,FALSE,0,company,Female,44,1,0,4,4,4,4,4,5,5,4,5,4,5,4,5,4,4,3,4,3,4,5,4,6,4,4,3,5,5,6,4,3,5,4,5,6,5,3,6,4,5,4,5,3,5,4,4,4,3,3,3,3,5.000000000000014,1,0,1,0,0,0,0,1,0.16666666666666666,4,4.625,4.1000000000000005,3.875,4,4.375,4,4,3.5,-0.825036611610027,-0.38030952455339767,1
102,2019-11-01,FALSE,FALSE,TRUE,FALSE,FALSE,FALSE,0,closer to nature,Female,38,1,0,7,7,7,1,1,7,7,7,7,7,7,7,7,7,7,7,1,7,7,7,7,7,7,0,0,1,1,7,7,7,7,7,1,7,1,7,7,0,0,7,7,7,7,7,7,7,7,7,7,7,2.000000000000014,1,0,0,0,1,0,0,1,0.16666666666666666,7,7,7,5.25,7,5.25,7,3.5,3.5,-0.8850826188656571,-0.3840498312805824,1
103,NA,FALSE,FALSE,FALSE,FALSE,FALSE,TRUE,"gui market, tcm workshop",gui market,Female,43,1,0,5,4,5,4,4,4,4,4,4,4,5,4,4,6,6,6,4,6,5,4,6,6,4,5,5,4,4,5,4,5,4,6,4,6,4,5,5,5,5,5,5,5,4,4,4,4,4,4,4,4,1,4,0,0,0,0,0,1,1,0.16666666666666666,4.4,4.125,5.300000000000001,4.5,5,4.875,4.5,4.5,4.5,-0.9135795325138896,-0.3111919432596919,1
104,NA,FALSE,FALSE,FALSE,FALSE,FALSE,TRUE,Camp,Activity is meaningful for kids to play and appreciate nature,Female,45,1,0,7,7,7,1,1,7,6,7,7,5,7,7,7,6,6,6,1,6,5,6,7,7,6,6,6,2,1,7,7,7,4,6,4,5,2,5,5,5,7,7,6,5,5,7,7,7,4,6,6,7,1,1,0,0,0,0,0,1,1,0.16666666666666666,7,6.625,6.2,6.25,5.25,5.625,7,5,6,-0.9050979546175341,-0.38529660018964396,1
